# Palabras extra de los ejercicios de las lecciones 4-6 (formas AABB y palabras que salen en los textos del libro; tema 99)
高高兴兴	gāogāoxìngxìng	muy contento, alegremente	99
舒舒服服	shūshūfúfú	muy a gusto, cómodamente	99
漂漂亮亮	piàopiàoliàngliàng	muy guapo, muy arreglado	99
干干净净	gāngānjìngjìng	muy limpio, limpísimo	99
觉	jiào	sueño (睡一觉: echar un sueño)	99
便宜	piányi	barato	99
件	jiàn	clasificador de prendas de ropa, asuntos	99
饺子	jiǎozi	jiaozi, empanadilla china	99
玩	wán	jugar, divertirse, pasarlo bien	99
