# Caracteres sueltos (tema 99): no son vocabulario del curso, pero así también
# se pueden tocar en la app y ver su pinyin y significado.
词	cí	palabra	99
语	yǔ	lengua, idioma	99
词语	cíyǔ	palabras, vocabulario	99
语法	yǔfǎ	gramática	99
练习	liànxí	ejercicio, practicar	99
听写	tīngxiě	dictado	99
听力	tīnglì	comprensión auditiva	99
阅读	yuèdú	lectura	99
翻译	fānyì	traducir, traducción	99
例句	lìjù	frase de ejemplo	99
第	dì	(prefijo de ordinal: primero, segundo…)	99
们	men	(sufijo de plural para personas)	99
睡	shuì	dormir	99
歌	gē	canción	99
京	jīng	capital	99
起	qǐ	levantarse	99
色	sè	color	99
息	xī	descansar	99
正	zhèng	justo, precisamente	99
球	qiú	pelota, balón	99
话	huà	palabras, lo que se dice	99
病	bìng	enfermedad; enfermar	99
休	xiū	descansar	99
数	shù	número	99
期	qī	periodo	99
边	biān	lado	99
儿	ér	hijo; (sufijo -r)	99
又	yòu	otra vez	99
反	fǎn	contrario, al revés	99
义	yì	significado	99
么	me	(partícula)	99
地	dì	tierra, suelo	99
才	cái	solo entonces, apenas	99
反义词	fǎnyìcí	antónimo	99
